{
  "similarity_matrix": [
    [
      1.0,
      0.9016319244441634,
      0.944618086291026
    ],
    [
      0.9016319244441634,
      1.0000000000000004,
      0.8806657298558831
    ],
    [
      0.944618086291026,
      0.8806657298558831,
      1.0000000000000004
    ]
  ],
  "embeddings_shape": [
    3,
    192
  ],
  "pairwise_similarities": {
    "image_1_vs_2": 0.9016319244441634,
    "image_1_vs_3": 0.944618086291026,
    "image_2_vs_3": 0.8806657298558831
  }
}